<screen name="ServerEagleSat" position="center,center" size="1150,850" backgroundColor="#1A1A1A">

    <!-- Grey Background -->
    <eLabel position="20,20" size="1110,810" backgroundColor="#2C2C2C" zPosition="-1" />

    <!-- Info Label -->
    <widget name="title_info_label" position="30,30" size="1090,90" font="Bold;32" halign="center" valign="center" foregroundColor="#FFA500" backgroundColor="#3A3A3A" transparent="0" />

    <!-- Top and Bottom Dividers -->
    <eLabel position="20,130" size="1110,2" backgroundColor="#FFD700" />
    <eLabel position="20,700" size="1110,2" backgroundColor="#FFD700" /> 

    <!-- Input Fields -->
    <widget name="username_label" position="60,170" size="220,50" font="Bold;32" halign="left" valign="center" foregroundColor="#FFD700" transparent="1" />
    <widget name="username_value" position="300,170" size="800,50" font="Bold;32" halign="left" valign="center" transparent="1" backgroundColor="#3A3A3A" />

    <widget name="password_label" position="60,250" size="220,50" font="Bold;32" halign="left" valign="center" foregroundColor="#FFD700" transparent="1" />
    <widget name="password_value" position="300,250" size="800,50" font="Bold;32" halign="left" valign="center" transparent="1" backgroundColor="#3A3A3A" />

    <widget name="protocol_label" position="60,330" size="220,50" font="Bold;32" halign="left" valign="center" foregroundColor="#FFD700" transparent="1" />
    <widget name="protocol_value" position="300,330" size="800,50" font="Bold;32" halign="left" valign="center" transparent="1" backgroundColor="#3A3A3A" />

    <widget name="destination_label" position="60,410" size="220,50" font="Bold;32" halign="left" valign="center" foregroundColor="#FFD700" transparent="1" />
    <widget name="destination_value" position="300,410" size="800,50" font="Bold;32" halign="left" valign="center" transparent="1" backgroundColor="#3A3A3A" />

    <!-- Update Button -->
    <widget name="update_button_label" position="60,500" size="1070,50" font="Bold;32" halign="center" valign="center" foregroundColor="#FFD700" transparent="1" />

    <!-- Status Label -->
    <widget name="status_label" position="60,560" size="1070,40" font="Bold;32" halign="center" valign="center" transparent="1" />

    <!-- Version Labels -->
    <widget name="version_label" position="60,630" size="500,40" font="Bold;32" halign="left" valign="center" foregroundColor="#FFA500" transparent="1" />
    <widget name="update_status_label" position="610,630" size="500,40" font="Bold;32" halign="right" valign="center" foregroundColor="#FFA500" transparent="1" />

    <!-- Colored Buttons -->
    <widget name="key_red" position="40,730" size="260,60" font="Bold;32" halign="center" valign="center" backgroundColor="#9F1313" transparent="0" foregroundColor="#FFFFFF" text="Delete Last" />
    <widget name="key_green" position="310,730" size="260,60" font="Bold;32" halign="center" valign="center" backgroundColor="#1F771F" transparent="0" foregroundColor="#FFFFFF" text="Save and send" />
    <widget name="key_yellow" position="580,730" size="260,60" font="Bold;32" halign="center" valign="center" backgroundColor="#A08500" transparent="0" foregroundColor="#FFFFFF" text="Restart Emu" />
    <widget name="key_blue" position="850,730" size="260,60" font="Bold;32" halign="center" valign="center" backgroundColor="#000080" transparent="0" foregroundColor="#FFFFFF" text="Clear Field" />

</screen>

